description,address
"Общество с ограниченной ответственностью ""ЛИК-Лидер""","121099, г.Москва, ул.Новый Арбат, д.23"
"ООО ""КМ-МЕД центр""","125190, г.Москва, пл.Триумфальная, д.1, стр.1"
"Акционерное общество ""Клиника К+31""","119415, г.Москва, ул.Лобачевского, д.42, корп.4, 4"
"Акционерное общество ""Клиника К+31""","119415, г.Москва, ул.Лобачевского, д.42, корп.4, 4"
"ООО ""Сеть семейных медицинских центров""","105043, г.Москва, ул.Первомайская, д.42"
"ООО ""Сеть семейных медицинских центров""","105120, г.Москва, ул.Сергия Радонежского, д.5/2, корп.1, 1"
"ООО ""Сеть семейных медицинских центров""","115093, г.Москва, ул.Серпуховская Б., д.30"
"ООО ""Сеть семейных медицинских центров""","115230, г.Москва, ш.Каширское, д.56, корп.корп.1"
"ООО ""Сеть семейных медицинских центров""","119333, г.Москва, пр-кт Университетский, д.4"
"ООО ""Сеть семейных медицинских центров""","123007, г.Москва, ш.Хорошевское, д.80"
"ООО ""Сеть семейных медицинских центров""","125480, г.Москва, ул.Героев Панфиловцев, д.1"
"ООО ""Сеть семейных медицинских центров""","125565, г.Москва, ул.Фестивальная, д.4"
"АКЦИОНЕРНОЕ ОБЩЕСТВО ""ГРУППА КОМПАНИЙ ""МЕДСИ""","109369, г.Москва, ул.Маршала Голованова, д.1, корп.2"
"АКЦИОНЕРНОЕ ОБЩЕСТВО ""ГРУППА КОМПАНИЙ ""МЕДСИ""","109369, г.Москва, ул.Маршала Голованова, д.1, корп.2"
"АКЦИОНЕРНОЕ ОБЩЕСТВО ""ГРУППА КОМПАНИЙ ""МЕДСИ""","115054, г.Москва, ул.Дубининская, д.57, корп.8, 8"
"АКЦИОНЕРНОЕ ОБЩЕСТВО ""ГРУППА КОМПАНИЙ ""МЕДСИ""","115054, г.Москва, ул.Дубининская, д.57, корп.8, 8"
"АКЦИОНЕРНОЕ ОБЩЕСТВО ""ГРУППА КОМПАНИЙ ""МЕДСИ""","115184, г.Москва, ул.Полянка М., д.7/7, корп.1, 1"
"АКЦИОНЕРНОЕ ОБЩЕСТВО ""ГРУППА КОМПАНИЙ ""МЕДСИ""","115184, г.Москва, ул.Полянка М., д.7/7, корп.1, 1"
"АКЦИОНЕРНОЕ ОБЩЕСТВО ""ГРУППА КОМПАНИЙ ""МЕДСИ""","115280, г.Москва, ул.Ленинская Слобода, д.26"
"АКЦИОНЕРНОЕ ОБЩЕСТВО ""ГРУППА КОМПАНИЙ ""МЕДСИ""","115280, г.Москва, ул.Ленинская Слобода, д.26"
"АКЦИОНЕРНОЕ ОБЩЕСТВО ""ГРУППА КОМПАНИЙ ""МЕДСИ""","117628, г.Москва, ул.Старокачаловская, д.3, корп.3, 3"
"АКЦИОНЕРНОЕ ОБЩЕСТВО ""ГРУППА КОМПАНИЙ ""МЕДСИ""","117628, г.Москва, ул.Старокачаловская, д.3, корп.3, 3"
"АКЦИОНЕРНОЕ ОБЩЕСТВО ""ГРУППА КОМПАНИЙ ""МЕДСИ""","119021, г.Москва, б-р Зубовский, д.22/39"
"АКЦИОНЕРНОЕ ОБЩЕСТВО ""ГРУППА КОМПАНИЙ ""МЕДСИ""","119021, г.Москва, б-р Зубовский, д.22/39"
"АКЦИОНЕРНОЕ ОБЩЕСТВО ""ГРУППА КОМПАНИЙ ""МЕДСИ""","119071, г.Москва, пр-кт Ленинский, д.20, корп.1"
"АКЦИОНЕРНОЕ ОБЩЕСТВО ""ГРУППА КОМПАНИЙ ""МЕДСИ""","119071, г.Москва, пр-кт Ленинский, д.20, корп.1"
"АКЦИОНЕРНОЕ ОБЩЕСТВО ""ГРУППА КОМПАНИЙ ""МЕДСИ""","121108, г.Москва, ш.Рублёвское, д.10"
"АКЦИОНЕРНОЕ ОБЩЕСТВО ""ГРУППА КОМПАНИЙ ""МЕДСИ""","121108, г.Москва, ш.Рублёвское, д.10"
"АКЦИОНЕРНОЕ ОБЩЕСТВО ""ГРУППА КОМПАНИЙ ""МЕДСИ""","123007, г.Москва, пр-д Хорошевский 3-Й, д.1, корп.2"
"АКЦИОНЕРНОЕ ОБЩЕСТВО ""ГРУППА КОМПАНИЙ ""МЕДСИ""","123007, г.Москва, пр-д Хорошевский 3-Й, д.1, корп.2"
"АКЦИОНЕРНОЕ ОБЩЕСТВО ""ГРУППА КОМПАНИЙ ""МЕДСИ""","123056, г.Москва, ул.Ленинградский Пр-Кт, д.52"
"АКЦИОНЕРНОЕ ОБЩЕСТВО ""ГРУППА КОМПАНИЙ ""МЕДСИ""","123056, г.Москва, ул.Ленинградский Пр-Кт, д.52"
"АКЦИОНЕРНОЕ ОБЩЕСТВО ""ГРУППА КОМПАНИЙ ""МЕДСИ""","125284, г.Москва, пр-д Боткинский 2-Й, д.5, корп.3"
"АКЦИОНЕРНОЕ ОБЩЕСТВО ""ГРУППА КОМПАНИЙ ""МЕДСИ""","125284, г.Москва, пр-д Боткинский 2-Й, д.5, корп.3"
"АКЦИОНЕРНОЕ ОБЩЕСТВО ""ГРУППА КОМПАНИЙ ""МЕДСИ""","125627, г.Москва, ул.Пятницкое Ш, д.37"
"АКЦИОНЕРНОЕ ОБЩЕСТВО ""ГРУППА КОМПАНИЙ ""МЕДСИ""","125627, г.Москва, ул.Пятницкое Ш, д.37"
"АКЦИОНЕРНОЕ ОБЩЕСТВО ""ГРУППА КОМПАНИЙ ""МЕДСИ""","г.Москва, пер.Благовещенский, д.6"
"АКЦИОНЕРНОЕ ОБЩЕСТВО ""ГРУППА КОМПАНИЙ ""МЕДСИ""","г.Москва, пер.Благовещенский, д.6"
"АКЦИОНЕРНОЕ ОБЩЕСТВО ""ГРУППА КОМПАНИЙ ""МЕДСИ""","г.Москва, ул.Солянка, д.12, корп.1, 1"
"АКЦИОНЕРНОЕ ОБЩЕСТВО ""ГРУППА КОМПАНИЙ ""МЕДСИ""","г.Москва, ул.Солянка, д.12, корп.1, 1"
"ООО ""Он Клиник""","103051, г.Москва, б-р Цветной, д.30, корп.2, 2"
"ООО ""Он Клиник""","109044, г.Москва, ул.Воронцовская, д.8, корп.6, 6"
"ООО ""Он Клиник""","119034, г.Москва, б-р Зубовский, д.35, корп.1"
"ООО ""Он Клиник""","123022, г.Москва, ул.Трехгорный Вал, д.12, корп.2, 2"
"ООО ""Он Клиник""","г.Москва, ул.Б.Молчановка, д.32, корп.1, 1"
"Общество с ограниченной ответственностью Медицинский центр ""НЕБОЛИТ""","г.Москва, ул.Ленинский Пр-Кт, д.66/1"
"ООО СТОМАТОЛОГИЧЕСКИЙ ЦЕНТР НОВЫХ ТЕХНОЛОГИЙ ""НОВОСТОМ""","107078, г.Москва, ул.Каланчевская, д.17, корп.1, 1"
"ООО СТОМАТОЛОГИЧЕСКИЙ ЦЕНТР НОВЫХ ТЕХНОЛОГИЙ ""НОВОСТОМ""","115561, г.Москва, ул.Домодедовская, д.24, корп.3, 3"
"ООО СТОМАТОЛОГИЧЕСКИЙ ЦЕНТР НОВЫХ ТЕХНОЛОГИЙ ""НОВОСТОМ""","119415, г.Москва, пр-кт Вернадского, д.37, корп.1А, 1А"
"ООО СТОМАТОЛОГИЧЕСКИЙ ЦЕНТР НОВЫХ ТЕХНОЛОГИЙ ""НОВОСТОМ""","127030, г.Москва, ул.Новослободская, д.24, корп.4, 4"
"ООО ""АСТЕРИ""","111123, г.Москва, ул.Владимирская 1-Я, д.18, корп.1, 1"
"ООО ""АСТЕРИ""","111123, г.Москва, ул.Владимирская 1-Я, д.18, корп.1, 1"
"ООО ""АСТЕРИ""","115280, г.Москва, ул.Велозаводская, д.13, корп.2, 2"
"ООО ""АСТЕРИ""","115280, г.Москва, ул.Велозаводская, д.13, корп.2, 2"
"ООО ""АСТЕРИ""","123022, г.Москва, пер.Столярный, д.3, корп.3"
"ООО ""АСТЕРИ""","123022, г.Москва, пер.Столярный, д.3, корп.3"
"ООО ""АСТЕРИ""","127221, г.Москва, пр-д Шокальского, д.39, корп.1, 1"
"ООО ""АСТЕРИ""","127221, г.Москва, пр-д Шокальского, д.39, корп.1, 1"
"ООО ""Медицинские Центры - 3""","117623, г.Москва, ул.Родионовская, д.2"
"ООО ""Медицинские Центры - 3""","117623, г.Москва, ул.Родионовская, д.2"
"ООО ""Медицинские Центры - 4""","119602, г.Москва, ул.Никулинская, д.5, корп.2, 2"
"Федеральное государственное бюджетное учреждение ""Национальный медицинский исследовательский центр кардиологии"" Министерства здравоохранения Российской Федерации","121552, г.Москва, ул.Черепковская 3-Я, д.15а"
"ООО ""Медицинские Центры""","129626, г.Москва, рзд.3, ул.Я, д.14а"
"ООО ""Медицинские Центры""","129626, г.Москва, рзд.3, ул.Я, д.14а"
"ООО ""Стоматологическая клиника Зуб.ру""","109147, г.Москва, ул.Таганская, д.32/1, корп.17, 17"
"ООО ""Стоматологическая клиника Зуб.ру""","117418, г.Москва, пр-кт Нахимовский, д.33/2"
"ООО ""Стоматологическая клиника Зуб.ру""","119021, г.Москва, пр-кт Комсомольский, д.24, корп.2"
"ООО ""Стоматологическая клиника Зуб.ру""","121099, г.Москва, пер.Смоленский 1-Й, д.17/3"
"ООО ""Стоматологическая клиника Зуб.ру""","123242, г.Москва, пер.Столярный, д.7, корп.2, 2"
"ООО ""Стоматологическая клиника Зуб.ру""","125080, г.Москва, пер.Факультетский, д.4"
"ООО ""Стоматологическая клиника Зуб.ру""","127051, г.Москва, ул.Садовая-Каретная, д.20/6, корп.2, 2"
"ООО ""Стоматологическая клиника Зуб.ру""","г.Москва, пер.Малый Каретный, д.14"
"ООО ""Стоматологическая клиника Зуб.ру""","г.Москва, пр-д 1-Ый Кожуховский, д.9"
"ООО ""Стоматологическая клиника Зуб.ру""","г.Москва, пр-д 2-Й Верхний Михайловский, д.9"
"ООО ""Стоматологическая клиника Зуб.ру""","г.Москва, ул.Новая Басманная, д.10"
"Негосударственное учреждение здравоохранения ""Центральная клиническая больница №6 открытого акционерного общества ""Российские железные дороги""","109388, г.Москва, ул.Шоссейная, д.43"
"Негосударственное учреждение здравоохранения ""Дорожная клиническая больница имени Н.А.Семашко на станции Люблино открытого акционерного общества ""Российские железные дороги""","109386, г.Москва, ул.Ставропольская, д.23, корп.1"
"ООО ""Новый Медицинский Центр (НМЦ)""","121353, г.Москва, ул.Беловежская, д.55"
"ООО ""Новый Медицинский Центр (НМЦ)""","125083, г.Москва, ул.Масловка Верхн., д.10, корп.4, пом.V"
"Государственное казенное учреждение ""Центральный клинический госпиталь ФТС России""","107143, г.Москва, ш.Открытое, д.32"
"ООО ""ИММА-1""","109341, г.Москва, ул.Перерва, д.39"
"ООО ""ИММА-1""","109341, г.Москва, ул.Перерва, д.39"
"ООО ""ИММА-1""","109341, г.Москва, ул.Перерва, д.41"
"ООО ""ИММА-1""","109341, г.Москва, ул.Перерва, д.41"
Федеральное государственное бюджетное учреждение здравоохранения Центральная клиническая больница Российской академии наук,"117593, г.Москва, ул.Литовский Б-Р, д.1а"
Федеральное государственное бюджетное учреждение здравоохранения Центральная клиническая больница Российской академии наук,"119333, г.Москва, ул.Фотиевой, д.12, корп.3"
Федеральное государственное бюджетное учреждение здравоохранения Центральная клиническая больница Российской академии наук,"117593, г.Москва, ул.Литовский Б-Р, д.1а"
"Федеральное государственное автономное учреждение ""Лечебно-реабилитационный центр"" Министерства здравоохранения Российской Федерации","125367, г.Москва, ул.Иваньковское Ш, д.3"
"Федеральное государственное автономное учреждение ""Лечебно-реабилитационный центр"" Министерства здравоохранения Российской Федерации","125367, г.Москва, ул.Иваньковское Ш, д.3"
"Федеральное государственное автономное учреждение ""Лечебно-реабилитационный центр"" Министерства здравоохранения Российской Федерации","125367, г.Москва, ул.Иваньковское Ш, д.3"
"ООО ""Современник на Чистых""","127006, г.Москва, б-р Страстной, д.11, корп.2, 2"
"ООО ""Стоматология в Выхино""","109472, г.Москва, ул.Ташкентская, д.24, корп.1, 1"
"ООО ""Стоматология на Щелковской""","105523, г.Москва, ш.Щелковское, д.82, корп.1"
"ООО ""Денто эль лидер""","105043, г.Москва, ул.Первомайская, д.42"
"ООО ""Денто эль лидер""","105120, г.Москва, ул.Сергия Радонежского, д.5/2, корп.1"
"ООО ""Денто эль лидер""","109469, г.Москва, ул.Братиславская, д.26"
"ООО ""Денто эль лидер""","117042, г.Москва, ул.Южнобутовская, д.8"
"ООО ""Денто эль лидер""","117452, г.Москва, б-р Симферопольский, д.17, корп.1, 1"
"ООО ""Денто эль лидер""","119333, г.Москва, пр-кт Университетский, д.4"
"ООО ""Денто эль лидер""","123007, г.Москва, ш.Хорошевское, д.80"
"ООО ""Денто эль лидер""","125319, г.Москва, ул.Черняховского, д.2"
"ООО ""Денто эль лидер""","125480, г.Москва, ул.Героев Панфиловцев, д.1"
"ООО ""Денто эль лидер""","125565, г.Москва, ул.Фестивальная, д.4"
"ООО ""Денто эль лидер""","127006, г.Москва, ул.Садовая-Каретная, д.24/7"
"ООО ""Денто эль лидер""","127562, г.Москва, ул.Хачатуряна, д.12"
"ООО ""Медицинские центры - 5""","123592, г.Москва, ул.Маршала Катукова, д.24, корп.5, 5"
"ООО ""Медицинские центры - 5""","123592, г.Москва, ул.Маршала Катукова, д.24, корп.5, 5"
"Общество с ограниченной ответственностью ""Медикал Клаб Консилиум""","129226, г.Москва, пр-кт Мира, д.211, корп.2"
"ООО ""Медицинская клиника ""Семейный доктор""","105005, г.Москва, ул.Бауманская, д.58/25, корп.12,стр.2"
"ООО ""Медицинская клиника ""Семейный доктор""","105005, г.Москва, ул.Бауманская, д.58/25, корп.12,стр.2"
"ООО ""Медицинская клиника ""Семейный доктор""","115184, г.Москва, наб.Озерковская, д.4"
"ООО ""Медицинская клиника ""Семейный доктор""","115184, г.Москва, наб.Озерковская, д.4"
"ООО ""Медицинская клиника ""Семейный доктор""","119048, г.Москва, ул.Усачева, д.33, корп.3, 3"
"ООО ""Медицинская клиника ""Семейный доктор""","119048, г.Москва, ул.Усачева, д.33, корп.3, 3"
"ООО ""Медицинская клиника ""Семейный доктор""","125047, г.Москва, ул.Миусская 1-Я, д.2, корп.3"
"ООО ""Медицинская клиника ""Семейный доктор""","125047, г.Москва, ул.Миусская 1-Я, д.2, корп.3"
"ООО ""Скандинавский Центр Здоровья""","г.Москва, ул.Кабельная 2-Я, д.2, корп.25"
"ООО ""Скандинавский Центр Здоровья""","г.Москва, ул.Кабельная 2-Я, д.2, корп.25"
"Общество с ограниченной ответственностью ""ЛЕЧЕБНЫЙ ЦЕНТР""","119021, г.Москва, ул.Тимура Фрунзе, д.15/1"
"Общество с ограниченной ответственностью ""ЛЕЧЕБНЫЙ ЦЕНТР""","119021, г.Москва, ул.Тимура Фрунзе, д.15/1"
"Государственное бюджетное учреждение здравоохранения города Москвы ""Городская поликлиника № 220 Департамента здравоохранения города Москвы""","123022, г.Москва, ул.Заморёнова, д.27"
"Государственное бюджетное учреждение здравоохранения города Москвы ""Городская поликлиника № 220 Департамента здравоохранения города Москвы""","123022, г.Москва, ул.Заморёнова, д.27"
"ООО ""ДИРЕКЦИЯ""","107803, г.Москва, ул.Басманная Н., д.10, корп.1, 1"
"ООО ""ДИРЕКЦИЯ""","107803, г.Москва, ул.Басманная Н., д.10, корп.1, 1"
"ООО ""ДИРЕКЦИЯ""","109147, г.Москва, ул.Таганская, д.32/1, корп.17"
"ООО ""ДИРЕКЦИЯ""","109147, г.Москва, ул.Таганская, д.32/1, корп.17"
"ООО ""ДИРЕКЦИЯ""","115280, г.Москва, пр-д 1-Ый Кожуховский, д.9"
"ООО ""ДИРЕКЦИЯ""","115280, г.Москва, пр-д 1-Ый Кожуховский, д.9"
"ООО ""ДИРЕКЦИЯ""","115419, г.Москва, пр-д 2-Й Верхний Михайловский, д.9"
"ООО ""ДИРЕКЦИЯ""","115419, г.Москва, пр-д 2-Й Верхний Михайловский, д.9"
"ООО ""ДИРЕКЦИЯ""","119021, г.Москва, пр-кт Комсомольский, д.24, корп.2"
"ООО ""ДИРЕКЦИЯ""","119021, г.Москва, пр-кт Комсомольский, д.24, корп.2"
"ООО ""ДИРЕКЦИЯ""","121099, г.Москва, пер.Смоленский 1-Й, д.17, корп.3"
"ООО ""ДИРЕКЦИЯ""","121099, г.Москва, пер.Смоленский 1-Й, д.17, корп.3"
"ООО ""ДИРЕКЦИЯ""","125080, г.Москва, пер.Факультетский, д.4"
"ООО ""ДИРЕКЦИЯ""","125080, г.Москва, пер.Факультетский, д.4"
"ООО ""ДИРЕКЦИЯ""","127051, г.Москва, пер.Сухаревский Б., д.19, корп.2, кв.1"
"ООО ""ДИРЕКЦИЯ""","127051, г.Москва, пер.Сухаревский Б., д.19, корп.2, кв.1"
"ООО ""ДИРЕКЦИЯ""","127051, г.Москва, ул.Садовая-Каретная, д.20/6, корп.2, 2"
"ООО ""ДИРЕКЦИЯ""","127051, г.Москва, ул.Садовая-Каретная, д.20/6, корп.2, 2"
"ООО ""ДИРЕКЦИЯ""","г.Москва, пер.Столярный, д.7, корп.корп.2"
"ООО ""ДИРЕКЦИЯ""","г.Москва, пер.Столярный, д.7, корп.корп.2"
"ООО ""ДИРЕКЦИЯ""","г.Москва, ул.Дорожная, д.32, корп.1"
"ООО ""ДИРЕКЦИЯ""","г.Москва, ул.Дорожная, д.32, корп.1"
"Государственное бюджетное учреждение здравоохранения города Москвы ""Городская клиническая больница имени Ф.И. Иноземцева Департамента здравоохранения города Москвы""","105187, г.Москва, ул.Фортунатовская, д.1"
"ООО ""Медицинский научный центр ""МедБиоСпектр""","115478, г.Москва, ш.Каширское, д.24, корп.8, 8"
"ООО Медицинский центр ""Столица""","119002, г.Москва, пер.Б.Власьевский, д.9"
"ООО Медицинский центр ""Столица""","119002, г.Москва, пер.Б.Власьевский, д.9"
"ООО Медицинский центр ""Столица""","119313, г.Москва, пр-кт Ленинский, д.90"
"ООО Медицинский центр ""Столица""","119313, г.Москва, пр-кт Ленинский, д.90"
"ООО Медицинский центр ""Столица""","119526, г.Москва, пр-кт Ленинский, д.146"
"ООО Медицинский центр ""Столица""","119526, г.Москва, пр-кт Ленинский, д.146"
"ООО Медицинский центр ""Столица""","129281, г.Москва, ул.Летчика Бабушкина, д.48б"
"ООО Медицинский центр ""Столица""","129281, г.Москва, ул.Летчика Бабушкина, д.48б"
"ООО ""Стоматология в Новогиреево""","111396, г.Москва, пр-кт Свободный, д.30"
"ООО ""Стоматология на Планерной""","125480, г.Москва, ул.Туристская, д.33, корп.2, 2"
"ООО ""Стоматология на Автозаводской""","115280, г.Москва, ул.1-Я Машиностроения, д.2/7, корп.1, 1"
"ООО ""Стоматология на Академической""","117447, г.Москва, пр-кт Севастопольский, д.15, корп.1"
"ООО Медико-диагностический центр ""ОЛИМП""","119454, г.Москва, ул.Удальцова, д.77"
"ФЕДЕРАЛЬНОЕ БЮДЖЕТНОЕ УЧРЕЖДЕНИЕ ""ГОСУДАРСТВЕННЫЙ ИНСТИТУТ ЛЕКАРСТВЕННЫХ СРЕДСТВ И НАДЛЕЖАЩИХ ПРАКТИК""","119019, г.Москва, пер.Афанасьевский Б., д.11, 13"
"ФЕДЕРАЛЬНОЕ БЮДЖЕТНОЕ УЧРЕЖДЕНИЕ ""ГОСУДАРСТВЕННЫЙ ИНСТИТУТ ЛЕКАРСТВЕННЫХ СРЕДСТВ И НАДЛЕЖАЩИХ ПРАКТИК""","119019, г.Москва, пер.Афанасьевский Б., д.11, 13"
"Закрытое акционерное общество ""Мед.Ком""","107078, г.Москва, ул.Басманная Нов., д.10, корп.1"
"Закрытое акционерное общество ""Мед.Ком""","109153, г.Москва, ул.Авиаконструктора Миля, д.16"
"Закрытое акционерное общество ""Мед.Ком""","г.Москва, б-р Симферопольский, д.19, корп.1, 1"
"Закрытое акционерное общество ""Мед.Ком""","г.Москва, пер.4-Й Крутицкий, д.14"
"Закрытое акционерное общество ""Мед.Ком""","г.Москва, пер.Гамсоновский, д.2, корп.1, 1"
"Закрытое акционерное общество ""Мед.Ком""","г.Москва, пл.Рогожская Застава, д.2/1, корп.1"
"Закрытое акционерное общество ""Мед.Ком""","г.Москва, пр-кт Вернадского, д.37, корп.1А, 1А"
"Закрытое акционерное общество ""Мед.Ком""","г.Москва, пр-кт Ломоносовский, д.6"
"Закрытое акционерное общество ""Мед.Ком""","г.Москва, пр-кт Мира, д.131"
"Закрытое акционерное общество ""Мед.Ком""","г.Москва, пр-кт Мичуринский, д.11, корп.2, 2"
"Закрытое акционерное общество ""Мед.Ком""","г.Москва, ул.Долгоруковская, д.35"
"Закрытое акционерное общество ""Мед.Ком""","г.Москва, ул.Домодедовская, д.24, корп.3, 3"
"Закрытое акционерное общество ""Мед.Ком""","г.Москва, ул.Каланчевская, д.17"
"Закрытое акционерное общество ""Мед.Ком""","г.Москва, ул.Кантемировская, д.45"
"Закрытое акционерное общество ""Мед.Ком""","г.Москва, ул.Кастанаевская, д.9, корп.1, 1"
"Закрытое акционерное общество ""Мед.Ком""","г.Москва, ул.Криворожская, д.29, корп.2, 2"
"Закрытое акционерное общество ""Мед.Ком""","г.Москва, ул.Осенняя, д.8, корп.2, 2"
"Закрытое акционерное общество ""Мед.Ком""","г.Москва, ул.Осташковская, д.7, корп.1, 1"
"Закрытое акционерное общество ""Мед.Ком""","г.Москва, ул.Островитянова, д.9, корп.1, 1"
"Закрытое акционерное общество ""Мед.Ком""","г.Москва, ул.Судостроительная, д.40"
"Закрытое акционерное общество ""Мед.Ком""","г.Москва, ул.Флотская, д.76"
"Закрытое акционерное общество ""Мед.Ком""","г.Москва, ул.Якиманка Б., д.50"
"ООО ""Стоматбизнес Компани""","117041, г.Москва, ул.Адмирала Лазарева, д.43"
"ООО ""Стоматбизнес Компани""","117041, г.Москва, ул.Адмирала Лазарева, д.43"
"ООО ""Стоматбизнес Компани""","124527, Москва г, г.Зеленоград, Корп 107в, корп.107В-1"
"ООО ""Стоматбизнес Компани""","124527, Москва г, г.Зеленоград, Корп 107в, корп.107В-1"
"ООО ""Стоматбизнес Компани""","124527, Москва г, г.Зеленоград, Корп 833, корп.833"
"ООО ""Стоматбизнес Компани""","124527, Москва г, г.Зеленоград, Корп 833, корп.833"
"ООО ""Стоматбизнес Компани""","125581, г.Москва, ул.Ляпидевского, д.14, корп.1а, 1А"
"ООО ""Стоматбизнес Компани""","125581, г.Москва, ул.Ляпидевского, д.14, корп.1а, 1А"
"ООО ""Стоматбизнес Компани""","г.Москва, пр-кт Мичуринский, д.31, корп.1, 1"
"ООО ""Стоматбизнес Компани""","г.Москва, пр-кт Мичуринский, д.31, корп.1, 1"
"ООО ""Стоматбизнес Компани""","г.Москва, ул.Большая Черкизовская, д.32, корп.1, 1"
"ООО ""Стоматбизнес Компани""","г.Москва, ул.Большая Черкизовская, д.32, корп.1, 1"
"ООО ""Стоматбизнес Компани""","г.Москва, ул.Братиславская, д.18, корп.1, 1"
"ООО ""Стоматбизнес Компани""","г.Москва, ул.Братиславская, д.18, корп.1, 1"
"ООО ""Стоматбизнес Компани""","г.Москва, ул.Кременчугская, д.3, корп.4, 4"
"ООО ""Стоматбизнес Компани""","г.Москва, ул.Кременчугская, д.3, корп.4, 4"
"Филиал ФГБЛПУ ""Лечебно-оздоровительный центр МИД России"" - Поликлиника","121099, г.Москва, наб.Смоленская, д.2, корп.2"
"Филиал ФГБЛПУ ""Лечебно-оздоровительный центр МИД России"" - Поликлиника","121099, г.Москва, наб.Смоленская, д.2, корп.2"
"Акционерное общество ""Медицинские услуги""","129329, г.Москва, ул.Кольская, д.2, корп.3"
"Акционерное общество ""Медицинские услуги""","129329, г.Москва, ул.Кольская, д.2, корп.3"
"АО ""К 31 Сити""","123317, г.Москва, ул.Тестовская, д.10"
"АО ""К 31 Сити""","123317, г.Москва, ул.Тестовская, д.10"
"ООО ""РИГЛА""","105064, г.Москва, ул.Земляной Вал, д.27, стр.1"
"ООО ""РИГЛА""","105064, г.Москва, ул.Земляной Вал, д.29"
"ООО ""РИГЛА""","105064, г.Москва, ул.Земляной Вал, д.42/20"
"ООО ""РИГЛА""","105094, г.Москва, ул.Гольяновская, д.7, корп.2"
"ООО ""РИГЛА""","107045, г.Москва, пер.Последний, д.28"
"ООО ""РИГЛА""","107045, г.Москва, туп.Сретенский, д.4"
"ООО ""РИГЛА""","107076, г.Москва, ул.Стромынка, д.14/1"
"ООО ""РИГЛА""","107078, г.Москва, пр-кт Мясницкий, д.2/1, стр.1"
"ООО ""РИГЛА""","107113, г.Москва, пл.Сокольническая, д.4, корп.1"
"ООО ""РИГЛА""","107143, г.Москва, ш.Открытое, д.24/36"
"ООО ""РИГЛА""","107207, г.Москва, ул.Байкальская, д.40/17"
"ООО ""РИГЛА""","107392, г.Москва, ул.Б.Черкизовская, д.11"
"ООО ""РИГЛА""","107497, г.Москва, ш.Щелковское, д.79, корп.1"
"ООО ""РИГЛА""","107564, г.Москва, ул.Краснобогатырская, д.27"
"ООО ""РИГЛА""","107564, г.Москва, ул.Миллионная, д.11, корп.1"
"ООО ""РИГЛА""","109012, г.Москва, ул.Никольская, д.8/1, стр.1"
"ООО ""РИГЛА""","109145, г.Москва, б-р Жулебинский, д.5"
"ООО ""РИГЛА""","109156, г.Москва, б-р Жулебинский, д.30/1"
"ООО ""РИГЛА""","109377, г.Москва, пр-кт Рязанский, д.46"
"ООО ""РИГЛА""","109443, г.Москва, пр-кт Волгоградский, д.108, корп.2"
"ООО ""РИГЛА""","109443, г.Москва, ул.Зеленодольская, д.43а"
"ООО ""РИГЛА""","109451, г.Москва, ул.Братиславская, д.14"
"ООО ""РИГЛА""","109451, г.Москва, ул.Братиславская, д.15, стр.1"
"ООО ""РИГЛА""","109559, г.Москва, ул.Краснодарская, д.51, корп.2"
"ООО ""РИГЛА""","109652, г.Москва, ул.Новомарьинская, д.4"
"ООО ""РИГЛА""","111123, г.Москва, ш.Энтузиастов, д.48/1"
"ООО ""РИГЛА""","111395, г.Москва, ул.Красный Казанец, д.1а"
"ООО ""РИГЛА""","111401, г.Москва, пр-кт Зеленый, д.17"
"ООО ""РИГЛА""","111558, г.Москва, пр-кт Свободный, д.21/2"
"ООО ""РИГЛА""","111621, г.Москва, ул.Большая Косинская, д.16, стр.1"
"ООО ""РИГЛА""","115054, г.Москва, пл.Павелецкая, д.2, стр.3"
"ООО ""РИГЛА""","115054, г.Москва, ул.Дубининская, д.11/17, стр.1"
"ООО ""РИГЛА""","115184, г.Москва, ул.Пятницкая, д.9/28, стр.1"
"ООО ""РИГЛА""","115191, г.Москва, ул.Б.Тульская, д.13"
"ООО ""РИГЛА""","115191, г.Москва, ул.Большая Тульская, д.15"
"ООО ""РИГЛА""","115304, г.Москва, ул.Луганская, д.7, корп.2"
"ООО ""РИГЛА""","115404, г.Москва, ул.Бирюлевская, д.7"
"ООО ""РИГЛА""","115470, г.Москва, наб.Нагатинская, д.34"
"ООО ""РИГЛА""","115470, г.Москва, пр-кт Андропова, д.21г"
"ООО ""РИГЛА""","115470, г.Москва, ул.Новинки, д.31"
"ООО ""РИГЛА""","115477, г.Москва, пр-кт Пролетарский, д.14/49, корп.2"
"ООО ""РИГЛА""","115477, г.Москва, пр-кт Пролетарский, д.20/1"
"ООО ""РИГЛА""","115533, г.Москва, ул.Нагатинская, д.31"
"ООО ""РИГЛА""","115547, г.Москва, ул.Бирюлевская, д.38, стр.1"
"ООО ""РИГЛА""","115551, г.Москва, пр-д Шипиловский, д.39, корп.1"
"ООО ""РИГЛА""","115563, г.Москва, пр-д Борисовский, д.3, корп.1"
"ООО ""РИГЛА""","115573, г.Москва, пр-д Ореховый, д.41"
"ООО ""РИГЛА""","115580, г.Москва, ул.Кустанайская, д.6"
"ООО ""РИГЛА""","115582, г.Москва, ул.Домодедовская, д.28"
"ООО ""РИГЛА""","115583, г.Москва, ул.Воронежская, д.7"
"ООО ""РИГЛА""","115583, г.Москва, ул.Елецкая, д.20"
"ООО ""РИГЛА""","117042, г.Москва, ул.Южнобутовская, д.91"
"ООО ""РИГЛА""","117208, г.Москва, пр-д Сумской, д.15, корп.1"
"ООО ""РИГЛА""","117216, г.Москва, б-р Дмитрия Донского, д.16"
"ООО ""РИГЛА""","117418, г.Москва, ул.Гарибальди, д.27, корп.4"
"ООО ""РИГЛА""","117418, г.Москва, ул.Цюрупы, д.13"
"ООО ""РИГЛА""","117534, г.Москва, ул.Чертановская, д.58, корп.1"
"ООО ""РИГЛА""","117587, г.Москва, ул.Кировоградская, д.14"
"ООО ""РИГЛА""","117623, г.Москва, ул.Синельниковская, д.47"
"ООО ""РИГЛА""","119049, г.Москва, ул.Крымский Вал, д.6"
"ООО ""РИГЛА""","119121, г.Москва, б-р Смоленский, д.7"
"ООО ""РИГЛА""","119146, г.Москва, пр-кт Комсомольский, д.28"
"ООО ""РИГЛА""","119180, г.Москва, ул.Б.Полянка, д.4/10"
"ООО ""РИГЛА""","119180, г.Москва, ул.Большая Полянка, д.28"
"ООО ""РИГЛА""","119192, г.Москва, пр-кт Мичуринский, д.36"
"ООО ""РИГЛА""","119192, г.Москва, пр-кт Мичуринский, д.54/3"
"ООО ""РИГЛА""","119261, г.Москва, пр-кт Ленинский, д.72/2"
"ООО ""РИГЛА""","119261, г.Москва, пр-кт Ленинский, д.78"
"ООО ""РИГЛА""","119261, г.Москва, пр-кт Ломоносовский, д.5"
"ООО ""РИГЛА""","119334, г.Москва, ул.Вавилова, д.3"
"ООО ""РИГЛА""","119501, г.Москва, ул.Веерная, д.30, корп.6"
"ООО ""РИГЛА""","119620, г.Москва, пр-кт Солнцевский, д.5"
"ООО ""РИГЛА""","119633, г.Москва, ул.Новопеределкинская, д.16, корп.1"
"ООО ""РИГЛА""","119634, г.Москва, ш.Боровское, д.56"
"ООО ""РИГЛА""","121170, г.Москва, пр-кт Кутузовский, д.36а"
"ООО ""РИГЛА""","121309, г.Москва, ул.Барклая, д.12, стр.1"
"ООО ""РИГЛА""","121309, г.Москва, ул.Барклая, д.16, корп.1"
"ООО ""РИГЛА""","121309, г.Москва, ул.Большая Филевская, д.19/18, корп.2"
"ООО ""РИГЛА""","121471, г.Москва, ш.Можайское, д.18, корп.1"
"ООО ""РИГЛА""","121471, г.Москва, ш.Можайское, д.20"
"ООО ""РИГЛА""","121609, г.Москва, б-р Осенний, д.8, корп.1"
"ООО ""РИГЛА""","123056, г.Москва, ул.Грузинский Вал, д.18/15"
"ООО ""РИГЛА""","123056, г.Москва, ул.Грузинский Вал, д.26, стр.1"
"ООО ""РИГЛА""","123060, г.Москва, ул.Маршала Бирюзова, д.35/1"
"ООО ""РИГЛА""","123100, г.Москва, пр-д Шмитовский, д.19"
"ООО ""РИГЛА""","123103, г.Москва, ул.Живописная, д.24"
"ООО ""РИГЛА""","123181, г.Москва, ул.Маршала Катукова, д.17/1"
"ООО ""РИГЛА""","123182, г.Москва, ул.Авиационная, д.70/1"
"ООО ""РИГЛА""","123317, г.Москва, ул.Литвина-Седого, д.13, стр.2"
"ООО ""РИГЛА""","123423, г.Москва, ул.Народного Ополчения, д.20, корп.1"
"ООО ""РИГЛА""","123458, г.Москва, ул.Таллинская, д.10"
"ООО ""РИГЛА""","123592, г.Москва, б-р Строгинский, д.21"
"ООО ""РИГЛА""","124460, Москва г, г.Зеленоград, ал.Яблоневая, корп.317А,стр.1"
"ООО ""РИГЛА""","125040, г.Москва, пр-кт Ленинградский, д.13"
"ООО ""РИГЛА""","125047, г.Москва, ул.Чаянова, д.16"
"ООО ""РИГЛА""","125057, г.Москва, пр-кт Ленинградский, д.75, корп.1А"
"ООО ""РИГЛА""","125080, г.Москва, ул.Алабяна, д.10/1"
"ООО ""РИГЛА""","125171, г.Москва, ул.Зои И Александры Космодемьянских, д.4/1в"
"ООО ""РИГЛА""","125252, г.Москва, пер.Чапаевский, д.18/1"
"ООО ""РИГЛА""","125310, г.Москва, ш.Волоколамское, д.92"
"ООО ""РИГЛА""","125315, г.Москва, пр-кт Ленинградский, д.74, корп.1"
"ООО ""РИГЛА""","125315, г.Москва, ул.Часовая, д.11, стр.4"
"ООО ""РИГЛА""","125368, г.Москва, пер.Ангелов, д.7"
"ООО ""РИГЛА""","125464, г.Москва, ш.Пятницкое, д.3"
"ООО ""РИГЛА""","125466, г.Москва, ш.Куркинское, д.17, корп.1"
"ООО ""РИГЛА""","125480, г.Москва, ул.Туристская, д.27, корп.1"
"ООО ""РИГЛА""","125481, г.Москва, ул.Км.Мкад 73, д.7"
"ООО ""РИГЛА""","125493, г.Москва, ул.Авангардная, д.18"
"ООО ""РИГЛА""","125502, г.Москва, ул.Петрозаводская, д.9/1"
"ООО ""РИГЛА""","125565, г.Москва, ш.Ленинградское, д.68"
"ООО ""РИГЛА""","127015, г.Москва, ул.Бутырская, д.97"
"ООО ""РИГЛА""","127051, г.Москва, пер.1-Ый Колобовский, д.18"
"ООО ""РИГЛА""","127055, г.Москва, ул.Сущевский Вал, д.12"
"ООО ""РИГЛА""","127055, г.Москва, ул.Тихвинская, д.3, корп.1"
"ООО ""РИГЛА""","127081, г.Москва, ул.Полярная, д.3, корп.1"
"ООО ""РИГЛА""","127287, г.Москва, ул.Башиловская, д.29"
"ООО ""РИГЛА""","127299, г.Москва, ул.Б.Академическая, д.24, корп.1, КОПР"
"ООО ""РИГЛА""","127349, г.Москва, пр-д Шенкурский, д.14"
"ООО ""РИГЛА""","127434, г.Москва, ш.Дмитровское, д.15, корп.1"
"ООО ""РИГЛА""","127473, г.Москва, ул.Селезневская, д.4"
"ООО ""РИГЛА""","127490, г.Москва, ул.Декабристов, д.21б"
"ООО ""РИГЛА""","127560, г.Москва, ул.Пришвина, д.21"
"ООО ""РИГЛА""","127591, г.Москва, пр-д Керамический, д.51, корп.2"
"ООО ""РИГЛА""","129128, г.Москва, ул.Бажова, д.7"
"ООО ""РИГЛА""","129281, г.Москва, ул.Енисейская, д.29"
"ООО ""РИГЛА""","129327, г.Москва, ул.Енисейская, д.19"
"ООО ""РИГЛА""","129327, г.Москва, ул.Коминтерна, д.13/4"
"ООО ""РИГЛА""","129327, г.Москва, ул.Летчика Бабушкина, д.23"
"ООО ""РИГЛА""","129329, г.Москва, ул.Ивовая, д.6, стр.2"
"ООО ""РИГЛА""","129345, г.Москва, пр-д Осташковский, д.8, стр.2"
"ООО ""РИГЛА""","129345, г.Москва, ул.Малыгина, д.7"
"ООО ""РИГЛА""","129515, г.Москва, ул.Академика Королева, д.3"
"ООО ""РИГЛА""","129594, г.Москва, ул.Шереметьевская, д.20"
"ООО ""РИГЛА""","142770, г.Москва, ш.Калужское, д.21КМ"
"ООО ""РИГЛА""","г.Москва, пр-кт Маршала Жукова, д.19/1"
"ООО ""РИГЛА""","г.Москва, ул.Дмитровское Ш., д.149"
"ООО ""РИГЛА""","г.Москва, ул.Карамышевская Набережная, д.32/2"
"ООО ""РИГЛА""","г.Москва, ул.Ленинградское Ш., д.92/1"
"ООО ""РИГЛА""","г.Москва, ул.Первомайская, д.91/19"
"ООО ""РИГЛА""","г.Москва, ул.Северное Чертаново, д.1, корп.2"
"ООО ""РИГЛА""","г.Москва, ул.Старый Арбат, д.15/43"
"ООО ""РИГЛА""","г.Москва, ш.Км, д.21-й"
"ООО ""РИГЛА""","г.Москва, ш.Рублевское, д.52а"
"Общество с ограниченной ответственностью ""Клиника на Чистых прудах""","101000, г.Москва, пер.Бобров, д.4, корп.1, 1"
"ПАО ""Аэрофлот-Российские авиалинии""","125057, г.Москва, ул.Песчаная, д.7"
"ООО Фирма ""ЭКО-ДОН""","121165, г.Москва, ул.Кутузовский Пр-Кт, д.30/32"
"Общество с ограниченной ответственностью ""Клиники Чайка""","121614, г.Москва, ул.Крылатская, д.15, корп.1"
"Общество с ограниченной ответственностью ""Клиники Чайка""","121614, г.Москва, ул.Крылатская, д.15, корп.1"
"Общество с ограниченной ответственностью ""Клиники Чайка""","123317, г.Москва, наб.Пресненская, д.8, корп.1"
"Общество с ограниченной ответственностью ""Клиники Чайка""","123317, г.Москва, наб.Пресненская, д.8, корп.1"
"Общество с ограниченной ответственностью ""Клиники Чайка""","125047, г.Москва, ул.Лесная, д.9"
"Общество с ограниченной ответственностью ""Клиники Чайка""","125047, г.Москва, ул.Лесная, д.9"
"Общество с ограниченной ответственностью ""Клиники Чайка""","125047, г.Москва, ш.Ленинградское, д.16а, стр.3"
"Общество с ограниченной ответственностью ""Клиники Чайка""","125047, г.Москва, ш.Ленинградское, д.16а, стр.3"
"ООО ""Мед-Лидер""","101000, г.Москва, б-р Чистопрудный, д.12, корп.2"
"ООО ""Мед-Лидер""","101000, г.Москва, б-р Чистопрудный, д.12, корп.2"
"ООО ""Мед-Лидер""","105005, г.Москва, пер.Плетешковский, д.4"
"ООО ""Мед-Лидер""","105005, г.Москва, пер.Плетешковский, д.4"
"ООО ""Мед-Лидер""","108814, г.Москва, ул.Липовый Парк, д.5, корп.1"
"ООО ""Мед-Лидер""","108814, г.Москва, ул.Липовый Парк, д.5, корп.1"
"ООО ""Мед-Лидер""","115487, г.Москва, пр-кт Андропова, д.42, корп.1"
"ООО ""Мед-Лидер""","115487, г.Москва, пр-кт Андропова, д.42, корп.1"
"ООО ""Мед-Лидер""","119021, г.Москва, ул.Льва Толстого, д.10, корп.1, 1"
"ООО ""Мед-Лидер""","119021, г.Москва, ул.Льва Толстого, д.10, корп.1, 1"
"ООО ""Мед-Лидер""","123022, г.Москва, ул.1905 Года, д.17"
"ООО ""Мед-Лидер""","123022, г.Москва, ул.1905 Года, д.17"
"НЕГОСУДАРСТВЕННОЕ ЧАСТНОЕ УЧРЕЖДЕНИЕ ЗДРАВООХРАНЕНИЯ ""НАУЧНЫЙ КЛИНИЧЕСКИЙ ЦЕНТР ОТКРЫТОГО АКЦИОНЕРНОГО ОБЩЕСТВА ""РОССИЙСКИЕ ЖЕЛЕЗНЫЕ ДОРОГИ""","125315, г.Москва, ул.Часовая, д.20"
"НЕГОСУДАРСТВЕННОЕ ЧАСТНОЕ УЧРЕЖДЕНИЕ ЗДРАВООХРАНЕНИЯ ""НАУЧНЫЙ КЛИНИЧЕСКИЙ ЦЕНТР ОТКРЫТОГО АКЦИОНЕРНОГО ОБЩЕСТВА ""РОССИЙСКИЕ ЖЕЛЕЗНЫЕ ДОРОГИ""","125367, г.Москва, ш.Волоколамское, д.84"
"ООО ""Лидер""","105064, г.Москва, пер.Лялин, д.5/1, корп.3, 3"
"ООО ""Лидер""","115054, г.Москва, ул.3-Й Монетчиковский, д.10/1"
"ООО ""Лидер""","г.Москва, ул.Днепропетровская, д.1"
"ООО ""Лидер""","г.Москва, ул.Новорязанская, д.38, корп.3, 3"
"ООО ""Лидер""","г.Москва, ул.Покровская, д.21"
"Федеральное государственное бюджетное учреждение ""9 лечебно-диагностический центр"" Министерства обороны Российской Федерации","119034, г.Москва, пр-кт Комсомольский, д.22"
"Федеральное государственное бюджетное учреждение ""9 лечебно-диагностический центр"" Министерства обороны Российской Федерации","119034, г.Москва, пр-кт Комсомольский, д.22"
"Федеральное государственное бюджетное учреждение ""9 лечебно-диагностический центр"" Министерства обороны Российской Федерации","119146, г.Москва, пр-кт Комсомольский, д.13а"
"Федеральное государственное бюджетное учреждение ""9 лечебно-диагностический центр"" Министерства обороны Российской Федерации","119146, г.Москва, пр-кт Комсомольский, д.13а"
"Федеральное государственное бюджетное учреждение ""9 лечебно-диагностический центр"" Министерства обороны Российской Федерации","119435, г.Москва, ул.Пироговская Б., д.15/18, корп.1"
"Федеральное государственное бюджетное учреждение ""9 лечебно-диагностический центр"" Министерства обороны Российской Федерации","119435, г.Москва, ул.Пироговская Б., д.15/18, корп.1"
"Государственное бюджетное учреждение здравоохранения города Москвы ""Городская клиническая больница № 15 имени О.М. Филатова Департамента здравоохранения города Москвы""","111539, г.Москва, ул.Вешняковская, д.23"
"Общество с ограниченной ответственностью ""Центральное агентство по охране интеллектуальной собственности""","119002, г.Москва, ул.Арбат, д.42, корп.3, 3"
"Федеральное государственное бюджетное учреждение ""Национальный медицинский исследовательский центр профилактической медицины"" Министерства здравоохранения Российской Федерации","101000, г.Москва, пер.Петроверигский, д.10"
"Федеральное государственное бюджетное учреждение ""Национальный медицинский исследовательский центр профилактической медицины"" Министерства здравоохранения Российской Федерации","101000, г.Москва, пер.Петроверигский, д.10"
"Федеральное государственное бюджетное учреждение ""Национальный медицинский исследовательский центр профилактической медицины"" Министерства здравоохранения Российской Федерации","109074, г.Москва, пр-д Китайгородский, д.7"
"Федеральное государственное бюджетное учреждение ""Национальный медицинский исследовательский центр профилактической медицины"" Министерства здравоохранения Российской Федерации","109074, г.Москва, пр-д Китайгородский, д.7"
Государственное бюджетное учреждение здравоохранения города Москвы Городская клиническая больница №13 Департамента здравоохранения города Москвы,"115280, г.Москва, ул.Велозаводская, д.1/1"
Государственное бюджетное учреждение здравоохранения города Москвы Городская клиническая больница №13 Департамента здравоохранения города Москвы,"115432, г.Москва, ул.Трофимова, д.26"
"Федеральное государственное бюджетное учреждение ""Государственный научный центр Российской Федерации - Федеральный медицинский биофизический центр имени А.И. Бурназяна""","123098, г.Москва, ул.Гамалеи, д.15"
"Федеральное государственное бюджетное учреждение ""Государственный научный центр Российской Федерации - Федеральный медицинский биофизический центр имени А.И. Бурназяна""","123098, г.Москва, ул.Маршала Новикова, д.23"
"Федеральное государственное бюджетное учреждение ""52 консультативно-диагностический центр"" Министерства обороны Российской Федерации","125167, г.Москва, ул.Планетная Улица, д.3, корп.3"
"Федеральное государственное бюджетное учреждение ""52 консультативно-диагностический центр"" Министерства обороны Российской Федерации","125167, г.Москва, ул.Планетная Улица, д.3, корп.3"
"Филиал ""Мединцентр"" ГлавУпДК при МИД России","125284, г.Москва, пр-д Боткинский 2-Й, д.5, корп.5, 5"
"Филиал ""Мединцентр"" ГлавУпДК при МИД России","119049, г.Москва, пер.4-Й Добрынинский, д.4"
"Филиал ""Мединцентр"" ГлавУпДК при МИД России","119049, г.Москва, пер.4-Й Добрынинский, д.4"
"Филиал ""Мединцентр"" ГлавУпДК при МИД России","125284, г.Москва, пр-д Боткинский 2-Й, д.5, корп.5, 5"
"Филиал ""Мединцентр"" ГлавУпДК при МИД России","125284, г.Москва, пр-д Боткинский 2-Й, д.5, корп.5, 5"
"Государственное бюджетное учреждение здравоохранения города Москвы ""Городская клиническая больница № 24 Департамента здравоохранения города Москвы""","125015, г.Москва, ул.Писцовая, д.10"
"Государственное бюджетное учреждение здравоохранения города Москвы ""Городская клиническая больница № 24 Департамента здравоохранения города Москвы""","127287, г.Москва, пер.Вятский 4-Й, д.39"
"ГОСУДАРСТВЕННОЕ БЮДЖЕТНОЕ УЧРЕЖДЕНИЕ ЗДРАВООХРАНЕНИЯ ГОРОДА МОСКВЫ ""ГОРОДСКАЯ КЛИНИЧЕСКАЯ БОЛЬНИЦА ИМЕНИ А.К. ЕРАМИШАНЦЕВА ДЕПАРТАМЕНТА ЗДРАВООХРАНЕНИЯ ГОРОДА МОСКВЫ""","127521, г.Москва, ул.Ленская, д.15, корп.1-5"
"ГОСУДАРСТВЕННОЕ БЮДЖЕТНОЕ УЧРЕЖДЕНИЕ ЗДРАВООХРАНЕНИЯ ГОРОДА МОСКВЫ ""ГОРОДСКАЯ КЛИНИЧЕСКАЯ БОЛЬНИЦА ИМЕНИ А.К. ЕРАМИШАНЦЕВА ДЕПАРТАМЕНТА ЗДРАВООХРАНЕНИЯ ГОРОДА МОСКВЫ""","127521, г.Москва, ул.Ленская, д.15, корп.1-5"
"ГОСУДАРСТВЕННОЕ БЮДЖЕТНОЕ УЧРЕЖДЕНИЕ ЗДРАВООХРАНЕНИЯ ГОРОДА МОСКВЫ ""ГОРОДСКАЯ КЛИНИЧЕСКАЯ БОЛЬНИЦА ИМЕНИ А.К. ЕРАМИШАНЦЕВА ДЕПАРТАМЕНТА ЗДРАВООХРАНЕНИЯ ГОРОДА МОСКВЫ""","127521, г.Москва, ул.Октябрьская, д.69"
"ГОСУДАРСТВЕННОЕ БЮДЖЕТНОЕ УЧРЕЖДЕНИЕ ЗДРАВООХРАНЕНИЯ ГОРОДА МОСКВЫ ""ГОРОДСКАЯ КЛИНИЧЕСКАЯ БОЛЬНИЦА ИМЕНИ А.К. ЕРАМИШАНЦЕВА ДЕПАРТАМЕНТА ЗДРАВООХРАНЕНИЯ ГОРОДА МОСКВЫ""","127521, г.Москва, ул.Октябрьская, д.69"
"ГОСУДАРСТВЕННОЕ БЮДЖЕТНОЕ УЧРЕЖДЕНИЕ ЗДРАВООХРАНЕНИЯ ГОРОДА МОСКВЫ ""ГОРОДСКАЯ КЛИНИЧЕСКАЯ БОЛЬНИЦА ИМЕНИ А.К. ЕРАМИШАНЦЕВА ДЕПАРТАМЕНТА ЗДРАВООХРАНЕНИЯ ГОРОДА МОСКВЫ""","127549, г.Москва, ул.Костромская, д.3"
"ГОСУДАРСТВЕННОЕ БЮДЖЕТНОЕ УЧРЕЖДЕНИЕ ЗДРАВООХРАНЕНИЯ ГОРОДА МОСКВЫ ""ГОРОДСКАЯ КЛИНИЧЕСКАЯ БОЛЬНИЦА ИМЕНИ А.К. ЕРАМИШАНЦЕВА ДЕПАРТАМЕНТА ЗДРАВООХРАНЕНИЯ ГОРОДА МОСКВЫ""","127549, г.Москва, ул.Костромская, д.3"
"ГОСУДАРСТВЕННОЕ БЮДЖЕТНОЕ УЧРЕЖДЕНИЕ ЗДРАВООХРАНЕНИЯ ГОРОДА МОСКВЫ ""ГОРОДСКАЯ КЛИНИЧЕСКАЯ БОЛЬНИЦА ИМЕНИ А.К. ЕРАМИШАНЦЕВА ДЕПАРТАМЕНТА ЗДРАВООХРАНЕНИЯ ГОРОДА МОСКВЫ""","129327, г.Москва, ул.Ленская, д.15, корп.1-5"
"ГОСУДАРСТВЕННОЕ БЮДЖЕТНОЕ УЧРЕЖДЕНИЕ ЗДРАВООХРАНЕНИЯ ГОРОДА МОСКВЫ ""ГОРОДСКАЯ КЛИНИЧЕСКАЯ БОЛЬНИЦА ИМЕНИ А.К. ЕРАМИШАНЦЕВА ДЕПАРТАМЕНТА ЗДРАВООХРАНЕНИЯ ГОРОДА МОСКВЫ""","129327, г.Москва, ул.Ленская, д.15, корп.1-5"
"ООО ""СОН-МЕД""","109518, г.Москва, ул.Грайвороновская, д.16, корп.1, 1"
"ООО ""СОН-МЕД""","117405, г.Москва, ш.Варшавское, д.158, корп.1"
"ООО ""СОН-МЕД""","121552, г.Москва, ул.Ярцевская, д.34, корп.1, 1"
"ООО ""СОН-МЕД""","123007, г.Москва, ш.Хорошевское, д.62"
"ООО ""СОН-МЕД""","123154, г.Москва, ул.Берзарина, д.17, корп.2, 2"
"ООО ""СОН-МЕД""","123310, г.Москва, ш.Пятницкое, д.41"
"ООО ""СОН-МЕД""","125195, г.Москва, ул.Фестивальная, д.47"
"ООО ""СОН-МЕД""","125480, г.Москва, ул.Героев Панфиловцев, д.8, корп.1, 1"
"ООО ""СОН-МЕД""","129347, г.Москва, ш.Ярославское, д.144"
"ООО ""Фонте""","123007, г.Москва, пр-д Березовой Рощи, д.6"
"Федеральное государственное бюджетное учреждение ""Клиническая больница"" Управления делами Президента Российской Федерации","107150, г.Москва, ул.Лосиноостровская, д.45"
"ЗАО ""Центральная поликлиника Литфонда""","125319, г.Москва, ул.Аэропортовская 1-Я, д.5"
"ЗАО ""Центральная поликлиника Литфонда""","125319, г.Москва, ул.Аэропортовская 1-Я, д.5"
"ООО ""Стоматология на Соколе""","125315, г.Москва, пр-кт Ленинградский, д.73, корп.3, 3"
"ООО ""СМ-Клиника""","105120, г.Москва, пер.Сыромятнический 2-Й, д.11"
"ООО ""СМ-Клиника""","105120, г.Москва, пер.Сыромятнический 2-Й, д.11"
"ООО ""СМ-Клиника""","117452, г.Москва, б-р Симферопольский, д.22"
"ООО ""СМ-Клиника""","117452, г.Москва, б-р Симферопольский, д.22"
"ООО ""СМ-Клиника""","121359, г.Москва, ул.Маршала Тимошенко, д.29"
"ООО ""СМ-Клиника""","121359, г.Москва, ул.Маршала Тимошенко, д.29"
"ООО ""СМ-Клиника""","125130, г.Москва, пр-д Старопетровский, д.7а, корп.22"
"ООО ""СМ-Клиника""","125130, г.Москва, пр-д Старопетровский, д.7а, корп.22"
"ООО ""СМ-Клиника""","125130, г.Москва, ул.Клары Цеткин, д.33, корп.корп.28"
"ООО ""СМ-Клиника""","125130, г.Москва, ул.Клары Цеткин, д.33, корп.корп.28"
"ООО ""СМ-Клиника""","127055, г.Москва, ул.Лесная, д.57, корп.1, 1"
"ООО ""СМ-Клиника""","127055, г.Москва, ул.Лесная, д.57, корп.1, 1"
"ООО ""СМ-Клиника""","г.Москва, пер.Расковой, д.14, 22"
"ООО ""СМ-Клиника""","г.Москва, пер.Расковой, д.14, 22"
"ООО ""СМ-Клиника""","г.Москва, пр-кт Волгоградский, д.42, корп.1, 1"
"ООО ""СМ-Клиника""","г.Москва, пр-кт Волгоградский, д.42, корп.1, 1"
"ООО ""СМ-Клиника""","г.Москва, ул.Приорова, д.36"
"ООО ""СМ-Клиника""","г.Москва, ул.Приорова, д.36"
"ООО ""СМ-Клиника""","г.Москва, ул.Ярославская, д.4, корп.2, 2"
"ООО ""СМ-Клиника""","г.Москва, ул.Ярославская, д.4, корп.2, 2"
"ООО ""СМ-Клиника""","г.Москва, ул.Ярцевская, д.8"
"ООО ""СМ-Клиника""","г.Москва, ул.Ярцевская, д.8"
"Федеральное государственное бюджетное учреждение ""Федеральный научно-клинический центр специализированных видов медицинской помощи и медицинских технологий Федерального медико- биологического агентства""","115682, г.Москва, б-р Ореховый, д.28"
"Общество с ограниченной ответственностью Медицинский центр ""НЕБОЛИТ""","142190, Москва г, г.Троицк, ул.Академическая, д.3"
"АКЦИОНЕРНОЕ ОБЩЕСТВО ""ГРУППА КОМПАНИЙ ""МЕДСИ""","123056, г.Москва, пер.Грузинский, д.3а"
"АКЦИОНЕРНОЕ ОБЩЕСТВО ""ГРУППА КОМПАНИЙ ""МЕДСИ""","123056, г.Москва, пер.Грузинский, д.3а"
"АКЦИОНЕРНОЕ ОБЩЕСТВО ""ГРУППА КОМПАНИЙ ""МЕДСИ""","129090, г.Москва, пр-кт Мира, д.26, корп.6"
"АКЦИОНЕРНОЕ ОБЩЕСТВО ""ГРУППА КОМПАНИЙ ""МЕДСИ""","129090, г.Москва, пр-кт Мира, д.26, корп.6"
"Филиал Федерального бюджетного учреждения здравоохранения ""Лечебно-реабилитационный центр Министерства экономического развития Российской Федерации""","119192, г.Москва, пр-кт Ломоносовский, д.43"
"Филиал Федерального бюджетного учреждения здравоохранения ""Лечебно-реабилитационный центр Министерства экономического развития Российской Федерации""","119192, г.Москва, пр-кт Ломоносовский, д.43"
"Федеральное государственное бюджетное учреждение ""Национальный медицинский исследовательский центр акушерства, гинекологии и перинатологии имени академика В.И. Кулакова"" Министерства здравоохранения Российской Федерации","117997, г.Москва, ул.Академика Опарина, д.4"
"Федеральное государственное бюджетное учреждение ""Национальный медицинский исследовательский центр акушерства, гинекологии и перинатологии имени академика В.И. Кулакова"" Министерства здравоохранения Российской Федерации","117997, г.Москва, ул.Академика Опарина, д.4"
"Государственное бюджетное учреждение здравоохранения города Москвы ""Городская клиническая больница № 29 им. Н.Э. Баумана Департамента здравоохранения города Москвы""","111020, г.Москва, пл.Госпитальная, д.2"
"ООО ""Доктор рядом""","109462, г.Москва, ул.Юных Ленинцев, д.59, корп.1, 1"
"ООО ""Доктор рядом""","109462, г.Москва, ул.Юных Ленинцев, д.59, корп.1, 1"
"ООО ""Доктор рядом""","111674, г.Москва, пр-кт Защитников Москвы, д.15"
"ООО ""Доктор рядом""","111674, г.Москва, пр-кт Защитников Москвы, д.15"
"ООО ""Доктор рядом""","115088, г.Москва, ул.Симоновский Вал, д.15, корп.2"
"ООО ""Доктор рядом""","115088, г.Москва, ул.Симоновский Вал, д.15, корп.2"
"ООО ""Доктор рядом""","115533, г.Москва, пр-д Нагатинский 1-Й, д.11, корп.1"
"ООО ""Доктор рядом""","115533, г.Москва, пр-д Нагатинский 1-Й, д.11, корп.1"
"ООО ""Доктор рядом""","119361, г.Москва, ул.Озерная, д.10"
"ООО ""Доктор рядом""","119361, г.Москва, ул.Озерная, д.10"
"ООО ""Доктор рядом""","119501, г.Москва, ул.Веерная, д.1, корп.7"
"ООО ""Доктор рядом""","119501, г.Москва, ул.Веерная, д.1, корп.7"
"ООО ""Доктор рядом""","123592, г.Москва, ул.Кулакова, д.20, корп.1Л, 1Л"
"ООО ""Доктор рядом""","123592, г.Москва, ул.Кулакова, д.20, корп.1Л, 1Л"
"ООО ""Доктор рядом""","125412, г.Москва, ул.Ангарская, д.45, корп.1, 1"
"ООО ""Доктор рядом""","125412, г.Москва, ул.Ангарская, д.45, корп.1, 1"
"ООО ""Доктор рядом""","125414, г.Москва, ул.Фестивальная, д.32, корп.1, 1"
"ООО ""Доктор рядом""","125414, г.Москва, ул.Фестивальная, д.32, корп.1, 1"
"ООО ""Доктор рядом""","125480, г.Москва, ул.Героев Панфиловцев, д.18, корп.2, 2"
"ООО ""Доктор рядом""","125480, г.Москва, ул.Героев Панфиловцев, д.18, корп.2, 2"
"ООО ""Доктор рядом""","129281, г.Москва, ул.Лётчика Бабушкина, д.42"
"ООО ""Доктор рядом""","129281, г.Москва, ул.Лётчика Бабушкина, д.42"
"ООО ""Доктор рядом""","г.Москва, ул.Молодцова, д.25, корп.2"
"ООО ""Доктор рядом""","г.Москва, ул.Молодцова, д.25, корп.2"
"Государственное бюджетное учреждение здравоохранения города Москвы ""Городская поликлиника № 107 Департамента здравоохранения города Москвы""","127273, г.Москва, ул.Декабристов, д.24"
"Государственное бюджетное учреждение здравоохранения города Москвы ""Городская поликлиника № 107 Департамента здравоохранения города Москвы""","127273, г.Москва, ул.Декабристов, д.24"
"Государственное бюджетное учреждение здравоохранения города Москвы ""Городская клиническая больница имени С.С. Юдина департамента здравоохранения города Москвы""","115201, г.Москва, пр-д Каширский, д.1, корп.1, 1"
"Государственное бюджетное учреждение здравоохранения города Москвы ""Городская клиническая больница имени С.С. Юдина департамента здравоохранения города Москвы""","115201, г.Москва, пр-д Каширский, д.1, корп.1, 1"
"Государственное бюджетное учреждение здравоохранения города Москвы ""Городская клиническая больница имени С.С. Юдина департамента здравоохранения города Москвы""","115201, г.Москва, пр-д Каширский, д.1, корп.1, 1"
"Государственное бюджетное учреждение здравоохранения города Москвы ""Городская клиническая больница имени С.С. Юдина департамента здравоохранения города Москвы""","115446, г.Москва, пр-д Коломенский, д.4, корп.2"
"Государственное бюджетное учреждение здравоохранения города Москвы ""Городская клиническая больница имени С.С. Юдина департамента здравоохранения города Москвы""","115446, г.Москва, пр-д Коломенский, д.4, корп.2"
"Государственное бюджетное учреждение здравоохранения города Москвы ""Городская клиническая больница имени С.С. Юдина департамента здравоохранения города Москвы""","115446, г.Москва, пр-д Коломенский, д.4, корп.2"
"Государственное бюджетное учреждение здравоохранения города Москвы ""Городская клиническая больница имени С.С. Юдина департамента здравоохранения города Москвы""","115487, г.Москва, ул.Академика Миллионщикова, д.1"
"Государственное бюджетное учреждение здравоохранения города Москвы ""Городская клиническая больница имени С.С. Юдина департамента здравоохранения города Москвы""","115487, г.Москва, ул.Академика Миллионщикова, д.1"
"Государственное бюджетное учреждение здравоохранения города Москвы ""Городская клиническая больница имени С.С. Юдина департамента здравоохранения города Москвы""","115487, г.Москва, ул.Академика Миллионщикова, д.1"
"ООО ""ЮНИДЕНТ Стоматология-6""","127474, г.Москва, ш.Дмитровское, д.72"
"ООО ""ЮНИДЕНТ Стоматология-9""","127560, г.Москва, ул.Лескова, д.30"
"ООО ""ЮНИДЕНТ Стоматология-11""","125368, г.Москва, ул.Барышиха, д.20"
"ООО ""Лечебно-диагностический центр ""Кутузовский""","121352, г.Москва, ул.Давыдковская, д.5"
"ООО ""Клиника ЛМС""","119146, г.Москва, пр-кт Комсомольский, д.28"
"ООО ""Клиника ЛМС""","119146, г.Москва, пр-кт Комсомольский, д.28"
"ООО ""Медлэйбл""","117152, г.Москва, ш.Загородное, д.1"
"Федеральное государственное бюджетное учреждение ""Клиническая больница №1"" Управления делами Президента Российской Федерации","121352, г.Москва, ул.Староволынская, д.10"
"АО ""Гознак""","115162, г.Москва, ул.Мытная, д.19, корп.."
"АО ""Гознак""","115162, г.Москва, ул.Мытная, д.19, корп.."
"ООО Клиника ""Креде Эксперто""","109004, г.Москва, пер.Товарищеский, д.10, корп.1"
"ООО Клиника ""Креде Эксперто""","109004, г.Москва, ул.Александра Солженицына, д.40, корп.1"
"Общество с ограниченной ответственностью ""МЕДЭП-Регионы""","119333, г.Москва, ул.Фотиевой, д.10"
"Общество с ограниченной ответственностью ""МЕДЭП-Регионы""","119333, г.Москва, ул.Фотиевой, д.10"
"Федеральное государственное бюджетное учреждение ""Национальный медико-хирургический Центр имени Н.И. Пирогова"" Министерства здравоохранения Российской Федерации","105203, г.Москва, ул.Первомайская Нижн., д.65"
"Федеральное государственное бюджетное учреждение ""Национальный медико-хирургический Центр имени Н.И. Пирогова"" Министерства здравоохранения Российской Федерации","105203, г.Москва, ул.Первомайская Нижн., д.65"
"Федеральное государственное бюджетное учреждение ""Национальный медико-хирургический Центр имени Н.И. Пирогова"" Министерства здравоохранения Российской Федерации","105203, г.Москва, ул.Первомайская Ниж., д.70"
"ООО ""Стоматология в Борисово""","115612, г.Москва, ул.Братеевская, д.21, корп.5"
"Общество с ограниченной ответственностью Студия ""Смайл Элит""","123592, г.Москва, б-р Строгинский, д.10, корп.3, 3"
"Общество с ограниченной ответственностью Студия ""Смайл Элит""","123592, г.Москва, б-р Строгинский, д.10, корп.3, 3"
"федеральное государственное бюджетное учреждение ""Поликлиника №1"" Управления делами Президента Российской Федерации","119019, г.Москва, ул.Сивцев Вражек Пер, д.26/28"
"федеральное государственное бюджетное учреждение ""Поликлиника №1"" Управления делами Президента Российской Федерации","119019, г.Москва, ул.Сивцев Вражек Пер, д.26/28"
"ООО ""Семейная клиника ""Доктор АННА""","117279, г.Москва, ул.Миклухо-Маклая, д.36а"
"ООО ""Семейная клиника ""Доктор АННА""","119421, г.Москва, пр-кт Ленинский, д.111, корп.1"
"ООО ""ГВМ ИНТЕРНЕШИОНАЛ""","121099, г.Москва, пер.Смоленский 1-Й, д.7"
"ООО ""ГВМ ИНТЕРНЕШИОНАЛ""","121099, г.Москва, пер.Смоленский 1-Й, д.7"
"ООО ""Медико-Хирургический Центр на Пресне""","123995, г.Москва, ул.1905 Года, д.7, корп.1"
"Общество с ограниченной ответственностью ""Стоматология на Таганской""","109004, г.Москва, ул.Земляной Вал, д.54, корп.2"
"Акционерное общество ""Концерн ""МОСКВИА ГРУПП""","121359, г.Москва, ул.Партизанская, д.41"
"ООО ""ЛиМ""","123995, г.Москва, ул.1905 Года, д.7, корп.1"
"ООО Медицинский Центр ""АГАМИ""","127018, г.Москва, ул.Советской Армии, д.17/52"
"ООО Медицинский центр ""Петровские ворота""","127051, г.Москва, пер.Колобовский 1-Й, д.4"
"Государственное бюджетное учреждение здравоохранения города Москвы ""Городская клиническая больница № 52 Департамента здравоохранения города Москвы""","123182, г.Москва, ул.Пехотная, д.3"
"Государственное бюджетное учреждение здравоохранения города Москвы ""Городская клиническая больница № 52 Департамента здравоохранения города Москвы""","123182, г.Москва, ул.Сосновая, д.11, корп.2"
"ООО Поликлиника ""ПрофиМед""","127273, г.Москва, ул.Отрадная, д.2б"
"ООО ""Медквадрат""","115409, г.Москва, ш.Каширское, д.74, корп.1"
"ООО ""Медквадрат""","115409, г.Москва, ш.Каширское, д.74, корп.1"
"ООО ""Медквадрат""","125466, г.Москва, ул.Воротынская, д.4"
"ООО ""Медквадрат""","125466, г.Москва, ул.Воротынская, д.4"
"Общество с ограниченной ответственностью ""Медики""","125412, г.Москва, ш.Коровинское, д.23, корп.1"
"Общество с ограниченной ответственностью ""Медики""","125412, г.Москва, ш.Коровинское, д.23, корп.1"
"Общество с ограниченной ответственностью ""Медики""","127224, г.Москва, ул.Грекова, д.5"
"Общество с ограниченной ответственностью ""Медики""","127224, г.Москва, ул.Грекова, д.5"
"Общество с ограниченной ответственностью ""Медики""","127322, г.Москва, ул.Яблочкова, д.12"
"Общество с ограниченной ответственностью ""Медики""","127322, г.Москва, ул.Яблочкова, д.12"
"Федеральное государственное бюджетное учреждение здравоохранения ""Клиническая больница № 85 Федерального медико-биологического агентства""","115409, г.Москва, ул.Москворечье, д.16"
"Общество с ограниченной ответственностью ""Верона""","117437, г.Москва, ул.Профсоюзная, д.104"
"ЗАО ""Национальный Медицинский Сервис""","101000, г.Москва, ул.Маросейка, д.6, корп.8, 4"
"ЗАО ""Национальный Медицинский Сервис""","101000, г.Москва, ул.Маросейка, д.6, корп.8, 4"
"ЗАО ""Национальный Медицинский Сервис""","107045, г.Москва, ул.Сретенка, д.9"
"ЗАО ""Национальный Медицинский Сервис""","107045, г.Москва, ул.Сретенка, д.9"
"ЗАО ""Национальный Медицинский Сервис""","117105, г.Москва, ш.Варшавское, д.32"
"ЗАО ""Национальный Медицинский Сервис""","117105, г.Москва, ш.Варшавское, д.32"
"ЗАО ""Национальный Медицинский Сервис""","123098, г.Москва, ул.Гамалеи, д.18, корп.4, 4"
"ЗАО ""Национальный Медицинский Сервис""","123098, г.Москва, ул.Гамалеи, д.18, корп.4, 4"
"ЗАО ""Национальный Медицинский Сервис""","123154, г.Москва, пр-кт Маршала Жукова, д.38, корп.1, 1"
"ЗАО ""Национальный Медицинский Сервис""","123154, г.Москва, пр-кт Маршала Жукова, д.38, корп.1, 1"
"ЗАО ""Национальный Медицинский Сервис""","125284, г.Москва, пр-д Боткинский 2-Й, д.8"
"ЗАО ""Национальный Медицинский Сервис""","125284, г.Москва, пр-д Боткинский 2-Й, д.8"
"ЗАО ""Национальный Медицинский Сервис""","127253, г.Москва, ул.Псковская, д.9, корп.1, 1"
"ЗАО ""Национальный Медицинский Сервис""","127253, г.Москва, ул.Псковская, д.9, корп.1, 1"
"ООО ""Бека-Инвест""","125466, г.Москва, ул.Юровская, д.93, корп.1"
"Общество с ограниченной ответственностью Медицинский центр ""НЕБОЛИТ""","117556, г.Москва, ш.Варшавское, д.89"
"Федеральное государственное бюджетное учреждение ""12 консультативно-диагностический центр"" Министерства обороны Российской Федерации","105425, г.Москва, ул.Парковая 7-Я, д.31, корп.1"
"Федеральное государственное бюджетное учреждение ""12 консультативно-диагностический центр"" Министерства обороны Российской Федерации","105425, г.Москва, ул.Парковая 7-Я, д.31, корп.1"
"Федеральное государственное бюджетное учреждение ""12 консультативно-диагностический центр"" Министерства обороны Российской Федерации","109377, г.Москва, ул.Академика Скрябина, д.3"
"Федеральное государственное бюджетное учреждение ""12 консультативно-диагностический центр"" Министерства обороны Российской Федерации","109377, г.Москва, ул.Академика Скрябина, д.3"
"Федеральное государственное бюджетное учреждение ""12 консультативно-диагностический центр"" Министерства обороны Российской Федерации","111033, г.Москва, пр-д Краснокурсантский 1-Й, д.1/5"
"Федеральное государственное бюджетное учреждение ""12 консультативно-диагностический центр"" Министерства обороны Российской Федерации","111033, г.Москва, пр-д Краснокурсантский 1-Й, д.1/5"
"ООО ""Клиника ЛМС""","107045, г.Москва, пер.Последний, д.28"
"ООО ""Клиника ЛМС""","107045, г.Москва, пер.Последний, д.28"
"ООО ""Клиника ЛМС""","119146, г.Москва, пр-кт Комсомольский, д.28"
"ООО ""Клиника ЛМС""","119146, г.Москва, пр-кт Комсомольский, д.28"
"ООО ""Клиника ЛМС""","127055, г.Москва, ул.Сущёвский Вал, д.12"
"ООО ""Клиника ЛМС""","127055, г.Москва, ул.Сущёвский Вал, д.12"
"ОБЩЕСТВО С ОГРАНИЧЕННОЙ ОТВЕТСТВЕННОСТЬЮ ""МЕДСАНЧАСТЬ №14""","123022, г.Москва, пер.Столярный, д.3, корп.2"
"Акционерное общество ""Медси 2""","123242, г.Москва, ул.Красная Пресня, д.16"
"Акционерное общество ""Медси 2""","123242, г.Москва, ул.Красная Пресня, д.16"
"Федеральное бюджетное учреждение ""Центральная клиническая больница гражданской авиации""","г.Москва, ш.Иваньковское, д.7"
"Федеральное государственное бюджетное учреждение ""Центральная клиническая больница с поликлиникой"" Управления делами Президента Российской Федерации","121359, г.Москва, ул.Тимошенко Маршала, д.15"
"Федеральное государственное бюджетное учреждение ""Национальный медико-хирургический Центр имени Н.И. Пирогова"" Министерства здравоохранения Российской Федерации","119002, г.Москва, пер.Гагаринский, д.37/8"
"Федеральное государственное бюджетное учреждение ""Национальный медико-хирургический Центр имени Н.И. Пирогова"" Министерства здравоохранения Российской Федерации","119002, г.Москва, пер.Гагаринский, д.37/8"
"ОАО ""МОСИТАЛМЕД""","119002, г.Москва, ул.Арбат, д.28/1, стр.1"
"ОАО ""МОСИТАЛМЕД""","119002, г.Москва, ул.Арбат, д.28/1, стр.1"
"Государственное бюджетное учреждение здравоохранения города Москвы ""Городская клиническая больница имени М.Е. Жадкевича Департамента здравоохранения города Москвы""","121374, г.Москва, ул.Можайское Ш, д.14"
"ООО ""Бэби Дент""","123022, г.Москва, ул.Красная Пресня, д.36, корп.2"
"ООО ""Бэби Дент""","г.Москва, ш.Пятницкое, д.47"
"Общество с ограниченной ответственностью ""Балитур""","119021, г.Москва, б-р Зубовский, д.26/27, корп.5, 5"
"ООО ""ДентаВита Сеть""","103001, г.Москва, ул.Козихинский Б.Пер, д.19/6, корп.1"
"ООО ""ДентаВита Сеть""","103001, г.Москва, ул.Новокузнецкая, д.3, корп.1"
"ООО ""ДентаВита Сеть""","107078, г.Москва, ул.Козловский Б.Пер, д.7"
"ООО ""ДентаВита Сеть""","125009, г.Москва, пер.Газетный, д.9, корп.4, 4"
"ООО ""ДентаВита Лидер""","109004, г.Москва, ул.Земляной Вал, д.64, корп.2, 2"
"АО ""ДентаВита Центр""","125124, г.Москва, ул.Марины Расковой, д.16/18, корп.1"
"Общество с ограниченной ответственностью ""ЛИК""","125009, г.Москва, пер.Старопименовский, д.8"
"Общество с ограниченной ответственностью ""ЛИК-центр""","107045, г.Москва, б-р Рождественский, д.17"
"ООО ""НАВА""","103056, г.Москва, ул.Тишинская Пл, д.8"
"ООО ""НАВА""","123317, г.Москва, пер.Стрельбищенский, д.29а, корп.2"
"ООО ""Стоматология на Маяковской""","125047, г.Москва, ул.Тверская-Ямская 2-Я, д.20, корп.22, 2"
"Федеральное государственное бюджетное учреждение здравоохранения ""Центральная медико-санитарная часть № 119 Федерального медико-биологического агентства""","125438, г.Москва, ул.Онежская, д.18, корп.4, 4"
"Федеральное государственное бюджетное учреждение здравоохранения ""Центральная медико-санитарная часть № 119 Федерального медико-биологического агентства""","125438, г.Москва, ул.Онежская, д.18, корп.4, 4"
"Федеральное государственное бюджетное учреждение здравоохранения ""Центральная медико-санитарная часть № 119 Федерального медико-биологического агентства""","127018, г.Москва, ул.Сущёвский Вал, д.24"
"Федеральное государственное бюджетное учреждение здравоохранения ""Центральная медико-санитарная часть № 119 Федерального медико-биологического агентства""","127018, г.Москва, ул.Сущёвский Вал, д.24"
"ЗАО ""НОРМОДЕНТ""","119027, г.Москва, ул.Восьмого Марта, д.6, корп.1, 1"
"ООО ""НОРМОДЕНТ-ЦЕНТР""","101000, г.Москва, ул.Мясницкая, д.13, корп.13-13А-14"
"ООО ""НОРМОДЕНТ-ЦЕНТР""","115184, г.Москва, ул.Пятницкая, д.54, корп.2, 2"
"ООО ""НОРМОДЕНТ-ЦЕНТР""","119146, г.Москва, пр-кт Комсомольский, д.28"
"Общество с ограниченной ответственностью ""Стоматология на Юго-Западной""","119602, г.Москва, ул.Покрышкина, д.8"
"Общество с ограниченной ответственностью ""Новое Русское Качество (НРК)""","121108, г.Москва, ул.Герасима Курина, д.16"
